use ecommerce;

insert into user (first_name, last_name, email, birthdate, password) 
values 
    ('Ana', 'García', 'ana@example.com', '1993-02-15', 'anapassword'),
    ('Diego', 'Rodríguez', 'diego@example.com', '1987-06-20', 'diegopassword'),
    ('Laura', 'Fernández', 'laura@example.com', '1990-09-05', 'laurapassword'),
    ('Pedro', 'López', 'pedro@example.com', '1985-03-10', 'pedropassword'),
    ('María', 'Martínez', 'maria.m@example.com', '1998-12-25', 'mariapassword'),
    ('Carlos', 'Sánchez', 'carlos@example.com', '1992-07-08', 'carlospassword'),
    ('Valentina', 'Díaz', 'valentina@example.com', '1989-04-30', 'valentinapassword'),
    ('Joaquín', 'Pérez', 'joaquin@example.com', '1991-11-12', 'joaquinpassword'),
    ('Camila', 'Gutiérrez', 'camila@example.com', '1986-08-17', 'camilapassword'),
    ('Lucas', 'Ramírez', 'lucas@example.com', '1995-05-22', 'lucaspassword'),
    ('Martina', 'Alvarez', 'martina@example.com', '1997-10-03', 'martinapassword'),
    ('Facundo', 'Torres', 'facundo@example.com', '1984-01-18', 'facundopassword'),
    ('Sol', 'Gómez', 'sol@example.com', '1994-07-07', 'solpassword'),
    ('Lautaro', 'Flores', 'lautaro@example.com', '1988-09-14', 'lautaropassword'),
    ('Renata', 'Acosta', 'renata@example.com', '1999-03-29', 'renatapassword'),
    ('Agustina', 'Benítez', 'agustina@example.com', '1996-11-08', 'agustinapassword'),
    ('Ignacio', 'Suárez', 'ignacio@example.com', '1983-06-25', 'ignaciopassword'),
    ('Abril', 'Molina', 'abril@example.com', '1990-12-12', 'abrilpassword'),
    ('Tomás', 'Ortiz', 'tomas@example.com', '1987-04-05', 'tomaspassword'),
    ('Catalina', 'Rojas', 'catalina@example.com', '1992-08-28', 'catalinapassword');
    
insert into address (city, country, zipcode, state, street_name, street_number) 
values 
    ('Buenos Aires', 'Argentina', 'C1064AAB', 'CABA', 'Avenida Corrientes', '1234'),
    ('Córdoba', 'Argentina', 'X5000', 'Córdoba', 'Avenida Vélez Sársfield', '567'),
    ('Rosario', 'Argentina', 'S2000', 'Santa Fe', 'Boulevard Oroño', '890'),
    ('La Plata', 'Argentina', 'B1900', 'Buenos Aires', 'Calle 12', '345'),
    ('Mendoza', 'Argentina', 'M5500', 'Mendoza', 'Calle San Martín', '678'),
    ('Mar del Plata', 'Argentina', 'B7600', 'Buenos Aires', 'Avenida Luro', '910'),
    ('San Miguel de Tucumán', 'Argentina', 'T4000', 'Tucumán', 'Calle 25 de Mayo', '111'),
    ('San Juan', 'Argentina', 'J5400', 'San Juan', 'Avenida Libertador', '222'),
    ('Neuquén', 'Argentina', 'Q8300', 'Neuquén', 'Calle Belgrano', '333'),
    ('Santa Rosa', 'Argentina', 'L6300', 'La Pampa', 'Avenida San Martín', '444'),
    ('Salta', 'Argentina', 'A4400', 'Salta', 'Avenida Belgrano', '555'),
    ('Río Gallegos', 'Argentina', 'Z9400', 'Santa Cruz', 'Calle 25 de Mayo', '666'),
    ('San Salvador de Jujuy', 'Argentina', 'Y4600', 'Jujuy', 'Avenida Santibáñez', '777'),
    ('Ushuaia', 'Argentina', 'V9410', 'Tierra del Fuego', 'Calle Maipú', '888'),
    ('Formosa', 'Argentina', 'P3600', 'Formosa', 'Avenida 25 de Mayo', '999'),
    ('Rawson', 'Argentina', 'U9103', 'Chubut', 'Avenida Belgrano', '101'),
    ('La Rioja', 'Argentina', 'F5300', 'La Rioja', 'Calle 9 de Julio', '112'),
    ('San Fernando del Valle de Catamarca', 'Argentina', 'K4700', 'Catamarca', 'Avenida Rivadavia', '223'),
    ('Santa Fe', 'Argentina', 'S3000', 'Santa Fe', 'Avenida Freyre', '334'),
    ('Santiago del Estero', 'Argentina', 'G4200', 'Santiago del Estero', 'Calle Libertad', '445'),
    ('San Luis', 'Argentina', 'D5700', 'San Luis', 'Avenida Illia', '556'),
    ('Paraná', 'Argentina', 'E3100', 'Entre Ríos', 'Avenida Ramírez', '667'),
    ('San Carlos de Bariloche', 'Argentina', 'R8400', 'Río Negro', 'Avenida 12 de Octubre', '778'),
    ('Posadas', 'Argentina', 'N3300', 'Misiones', 'Calle Bolívar', '889');
    
insert into user_address (user_id, shipping_address_id, billing_address_id) 
values 
    (1, 1, 1),  
    (2, 2, 2),  
    (3, 3, 3),  
    (4, 4, 4),  
    (5, 5, 5),  
    (6, 6, 6),  
    (7, 7, 7),  
    (8, 8, 8),  
    (9, 9, 9), 
    (10, 10, 10),  
    (11, 11, 11),  
    (12, 12, 12), 
    (13, 13, 13),  
    (14, 14, 14),  
    (15, 15, 15), 
    (16, 16, 16),  
    (17, 17, 17),  
    (18, 18, 18),  
    (19, 19, 19),  
    (20, 20, 20),  
    (1, 21, 21), 
    (2, 22, 22), 
    (3, 23, 23), 
    (4, 24, 24); 

insert into category (category_name) 
values 
    ('Ropa de Mujer'),
    ('Ropa de Hombre'),
    ('Ropa de Niños'),
    ('Calzado de Mujer'),
    ('Calzado de Hombre'),
    ('Accesorios de Moda'),
    ('Ropa Deportiva'),
    ('Ropa Interior'),
    ('Ropa de Bebés'),
    ('Ropa de Tallas Grandes'),
    ('Trajes y Vestidos de Fiesta'),
    ('Ropa de Dormir'),
    ('Ropa de Trabajo'),
    ('Ropa de Baño'),
    ('Ropa Casual');

insert into product (product_name, product_price, product_description, category_id) 
values 
    ('Vestido Floral', 1500, 'Vestido de verano con estampado floral', 1),
    ('Camisa a Cuadros', 800, 'Camisa de manga larga a cuadros', 2),
    ('Conjunto de Niños', 1200, 'Conjunto de pantalón y camiseta para niños', 3),
    ('Zapatillas Urbanas', 2000, 'Zapatillas de estilo urbano para mujer', 4),
    ('Zapatos de Vestir', 1800, 'Zapatos de cuero para hombre, ideales para vestir', 5),
    ('Bufanda de Lana', 500, 'Bufanda tejida de lana en varios colores', 6),
    ('Conjunto Deportivo', 1500, 'Conjunto deportivo para mujer, ideal para hacer ejercicio', 7),
    ('Bóxers Pack x3', 700, 'Pack de 3 bóxers de algodón para hombre', 8),
    ('Ropa para Bebé', 1000, 'Set de ropa para bebé, incluye body, pantalón y gorrito', 9),
    ('Camisa Tallas Grandes', 1200, 'Camisa de manga larga en tallas grandes para hombre', 10),
    ('Vestido de Fiesta', 2500, 'Elegante vestido de fiesta para mujer, ideal para ocasiones especiales', 11),
    ('Pijama de Algodón', 800, 'Pijama de dos piezas de algodón para mujer', 12),
    ('Uniforme de Trabajo', 1800, 'Uniforme completo para trabajadores, incluye pantalón y camisa', 13),
    ('Traje de Baño', 1200, 'Traje de baño de dos piezas para mujer', 14),
    ('Jeans Clásicos', 1000, 'Jeans clásicos de denim para hombre', 15),
    ('Vestido Estampado', 1600, 'Vestido estampado de manga corta para mujer', 1),
    ('Camisa de Lino', 900, 'Camisa de lino fresca y ligera para hombre', 2),
    ('Ropa de Bebé', 1100, 'Conjunto de ropa de algodón para bebé, incluye body, pantalón y gorrito', 3),
    ('Botas de Cuero', 2200, 'Botas de cuero genuino para mujer', 4),
    ('Saco de Lana', 1500, 'Saco de lana cálido y elegante para hombre', 5),
    ('Collar de Plata', 600, 'Collar de plata con colgante de corazón', 6),
    ('Camiseta Deportiva', 700, 'Camiseta deportiva de secado rápido para mujer', 7),
    ('Boxer Briefs Pack x5', 1000, 'Pack de 5 bóxers ajustados para hombre', 8),
    ('Ropa para Bebé', 1200, 'Set de ropa de algodón para bebé, incluye body, pantalón, gorrito y babero', 9),
    ('Camisa Formal', 1400, 'Camisa formal de manga larga para hombre, perfecta para ocasiones especiales', 10),
    ('Vestido de Noche', 2800, 'Vestido de noche elegante y sofisticado para mujer', 11),
    ('Pijama de Franela', 900, 'Pijama de franela suave y abrigada para mujer', 12),
    ('Chaqueta de Trabajo', 2000, 'Chaqueta resistente de trabajo para hombre', 13),
    ('Bañador de Una Pieza', 1500, 'Bañador de una pieza para mujer', 14),
    ('Pantalón Cargo', 1100, 'Pantalón cargo cómodo y funcional para hombre', 15);

insert into cart (user_id) 
values 
    (1),
    (2),
    (3),
    (4),
    (5),
    (6),
    (7),
    (8),
    (9),
    (10),
    (11),
    (12),
    (13),
    (14),
    (15),
    (16),
    (17),
    (18),
    (19),
    (20);

insert into cart_item (quantity, product_id, cart_id) 
values 
    (2, 1, 1),
    (1, 3, 1),
    (3, 5, 2),
    (1, 8, 2),
    (2, 12, 3),
    (2, 15, 3),
    (1, 17, 4),
    (3, 20, 4),
    (2, 23, 5),
    (1, 25, 5),
    (3, 28, 6),
    (2, 30, 6),
    (1, 1, 7),
    (2, 3, 7),
    (3, 5, 8),
    (1, 8, 8),
    (2, 12, 9),
    (1, 15, 9),
    (3, 17, 10),
    (2, 20, 10),
    (1, 1, 11),
    (2, 3, 11),
    (3, 5, 12),
    (1, 8, 12),
    (2, 12, 13),
    (2, 15, 13),
    (1, 17, 14),
    (3, 20, 14),
    (2, 23, 15),
    (1, 25, 15),
    (3, 28, 16),
    (1, 30, 16),
    (2, 1, 17),
    (1, 3, 17),
    (3, 5, 18),
    (1, 8, 18),
    (2, 12, 19),
    (2, 15, 19),
    (1, 17, 20),
    (3, 20, 20);

insert into purchase (city, country, zipcode, state, street_name, street_number, user_id) 
values 
    ('Buenos Aires', 'Argentina', 'C1064AAB', 'CABA', 'Avenida Corrientes', '1234', 1),
    ('Córdoba', 'Argentina', 'X5000', 'Córdoba', 'Avenida Vélez Sársfield', '567', 2),
    ('Rosario', 'Argentina', 'S2000', 'Santa Fe', 'Boulevard Oroño', '890', 3),
    ('La Plata', 'Argentina', 'B1900', 'Buenos Aires', 'Calle 12', '345', 4),
    ('Mendoza', 'Argentina', 'M5500', 'Mendoza', 'Calle San Martín', '678', 5),
    ('Mar del Plata', 'Argentina', 'B7600', 'Buenos Aires', 'Avenida Luro', '910', 6),
    ('San Miguel de Tucumán', 'Argentina', 'T4000', 'Tucumán', 'Calle 25 de Mayo', '111', 7),
    ('San Juan', 'Argentina', 'J5400', 'San Juan', 'Avenida Libertador', '222', 8),
    ('Neuquén', 'Argentina', 'Q8300', 'Neuquén', 'Calle Belgrano', '333', 9),
    ('Santa Rosa', 'Argentina', 'L6300', 'La Pampa', 'Avenida San Martín', '444', 10),
    ('Salta', 'Argentina', 'A4400', 'Salta', 'Avenida Belgrano', '555', 11),
    ('Río Gallegos', 'Argentina', 'Z9400', 'Santa Cruz', 'Calle 25 de Mayo', '666', 12),
    ('San Salvador de Jujuy', 'Argentina', 'Y4600', 'Jujuy', 'Avenida Santibáñez', '777', 13),
    ('Ushuaia', 'Argentina', 'V9410', 'Tierra del Fuego', 'Calle Maipú', '888', 14),
    ('Formosa', 'Argentina', 'P3600', 'Formosa', 'Avenida 25 de Mayo', '999', 15),
    ('Rawson', 'Argentina', 'U9103', 'Chubut', 'Avenida Belgrano', '101', 16),
    ('La Rioja', 'Argentina', 'F5300', 'La Rioja', 'Calle 9 de Julio', '112', 17),
    ('San Fernando del Valle de Catamarca', 'Argentina', 'K4700', 'Catamarca', 'Avenida Rivadavia', '223', 18),
    ('Santa Fe', 'Argentina', 'S3000', 'Santa Fe', 'Avenida Freyre', '334', 19),
    ('Santiago del Estero', 'Argentina', 'G4200', 'Santiago del Estero', 'Calle Libertad', '445', 20),
	('Buenos Aires', 'Argentina', 'C1064AAB', 'CABA', 'Avenida Corrientes', '1234', 1),
    ('Córdoba', 'Argentina', 'X5000', 'Córdoba', 'Avenida Vélez Sársfield', '567', 2),
    ('Rosario', 'Argentina', 'S2000', 'Santa Fe', 'Boulevard Oroño', '890', 3),
    ('La Plata', 'Argentina', 'B1900', 'Buenos Aires', 'Calle 12', '345', 4),
    ('Mendoza', 'Argentina', 'M5500', 'Mendoza', 'Calle San Martín', '678', 5),
    ('Mar del Plata', 'Argentina', 'B7600', 'Buenos Aires', 'Avenida Luro', '910', 6),
    ('San Miguel de Tucumán', 'Argentina', 'T4000', 'Tucumán', 'Calle 25 de Mayo', '111', 7),
    ('San Juan', 'Argentina', 'J5400', 'San Juan', 'Avenida Libertador', '222', 8),
    ('Neuquén', 'Argentina', 'Q8300', 'Neuquén', 'Calle Belgrano', '333', 9),
    ('Santa Rosa', 'Argentina', 'L6300', 'La Pampa', 'Avenida San Martín', '444', 10);
    
insert into purchase_item (quantity, product_id, purchase_id) 
values 
    (2, 1, 1),
    (1, 3, 1),
    (3, 5, 2),
    (1, 8, 2),
    (2, 12, 3),
    (2, 15, 3),
    (1, 17, 4),
    (3, 20, 4),
    (2, 23, 5),
    (1, 25, 5),
    (3, 28, 6),
    (2, 30, 6),
    (1, 1, 7),
    (2, 3, 7),
    (3, 5, 8),
    (1, 8, 8),
    (2, 12, 9),
    (1, 15, 9),
    (3, 17, 10),
    (2, 20, 10),
    (1, 23, 11),
    (2, 25, 11),
    (3, 28, 12),
    (1, 30, 12),
    (2, 1, 13),
    (1, 3, 13),
    (3, 5, 14),
    (1, 8, 14),
    (2, 12, 15),
    (2, 15, 15),
    (1, 17, 16),
    (3, 20, 16),
    (2, 23, 17),
    (1, 25, 17),
    (3, 28, 18),
    (1, 30, 18),
    (2, 1, 19),
    (1, 3, 19),
    (3, 5, 20),
    (1, 8, 20),
    (2, 12, 21),
    (2, 15, 22),
    (1, 17, 23),
    (3, 20, 24),
    (2, 23, 25),
    (1, 25, 26),
    (3, 28, 27),
    (1, 30, 28),
    (2, 1, 29),
    (1, 3, 30);
 
insert into review (review_rating, review_comment, user_id, product_id) 
values 
    (4.5, 'Excelente producto, muy buena calidad.', 1, 1),
    (3.8, 'Buena relación calidad-precio.', 2, 3),
    (5.0, '¡Increíble! Lo recomiendo completamente.', 3, 5),
    (4.2, 'Me encanta este producto, volvería a comprarlo.', 4, 8),
    (4.7, 'Muy satisfecho con mi compra.', 5, 12),
    (3.5, 'Regular, esperaba más.', 6, 15),
    (4.0, 'Buen producto, cumple con lo esperado.', 7, 17),
    (4.8, '¡Genial! Superó mis expectativas.', 8, 20),
    (4.6, 'Muy buen servicio y entrega rápida.', 9, 23),
    (4.9, 'Producto de alta calidad, muy contento con la compra.', 10, 25);
    
insert into favorite (product_id, user_id) 
values 
    (1, 1),
    (3, 2),
    (5, 3),
    (8, 4),
    (12, 5),
    (15, 6),
    (17, 7),
    (20, 8),
    (23, 9),
    (25, 10),
    (2, 11),
    (4, 12),
    (6, 13),
    (9, 14),
    (13, 15),
    (16, 16),
    (18, 17),
    (21, 18),
    (24, 19),
    (26, 20),
    (7, 1),
    (10, 2),
    (14, 3),
    (19, 4),
    (22, 5),
    (27, 6),
    (29, 7),
    (1, 8),
    (3, 9),
    (5, 10),
    (8, 11),
    (12, 12),
    (15, 13),
    (17, 14),
    (20, 15),
    (23, 16),
    (25, 17),
    (2, 18),
    (4, 19),
    (6, 20),
    (9, 1),
    (13, 2),
    (16, 3),
    (18, 4),
    (21, 5),
    (24, 6),
    (26, 7),
    (7, 8),
    (10, 9),
    (14, 10);
